Workbook

Sheet 갑지
B3: Amaranth 10 가격제안서 요약 | Z3: DOUZONE
B4: DOUZONE Bizon Estimate statement
B5: 업체명 | F5: 케이비에스엔 | S5: 견적일자 | W5: =TODAY()
B6: 담당자 | F6: 최종안 차장님 | M6: (귀중) | S6: 제안사 | W6: 134-81-08473 (주)더존비즈온 강원도 춘천시 남산면 버들1길 130 대표이사 김 용 우 (직인생략)
B7: 견적명 | F7: Amaranth 10 견적
S8: 영업담당 | W8: 천현정 담당자
B9: 견적번호 | F9: =CONCATENATE("Douzone-A10-Ver1.0-",TEXT(W5,"YYYYMMDD")) | W9: 010-7572-9830 / chj9808@douzone.com
B11: 하기와 같이 견적합니다. (부가세 별도) | AB11: 단위: 원 / VAT 별도
B12: 구분 | J12: Cloud형 | N12: 구축형(서버 파킹) | R12: 구축형(임대) | V12: 구축형(자체) | Z12: 비고
B13: 제안 구성 | F13: 서버 구매 | J13: X | N13: 자체 구매 | R13: 더존 구매 | V13: 자체 구매
F14: 인프라 구성 | J14: 더존 클라우드서버 | N14: 더존 IDC 파킹 | R14: 더존 IDC 임대 | V14: KBSN 서버실
F15: ERP 모듈 구성 | J15: - ERP 기본모듈: 회계관리, 인사관리, 예산관리 - ERP 옵션모듈: [인사] 근태리더기연동, 모바일 ForMe
F16: UC(그룹웨어) 모듈 구성 | J16: 전자결재, 메일, 메신저, 게시판, 업무관리, 모바일 그룹웨어, Amaranth 10 APP
F17: 사용자 구성 | J17: ERP(전문가) 유저: 15유저, 임직원(사용자) 유저: 285유저, 메일: 200유저 / 총 200유저
B19: 최초 도입 비용 | F19: Enterprise Business Platform | H19: 엔진 | J19: 0 | N19: 0 | R19: 0 | V19: 0
F21: ERP 모듈 | J21: =클라우드!N59-J22 | N21: =더존IDC!N66-N22 | R21: =더존IDC임대!N65-R22 | V21: =고객IDC!N65-V22
F22: UC(그룹웨어) 모듈 | J22: =SUBTOTAL(109,클라우드!N53:N58) | N22: =더존IDC!N60 | R22: =더존IDC임대!N58 | V22: =고객IDC!N59
F23: 유저 라이선스 | J23: 0 | N23: =더존IDC!N92 | R23: =더존IDC임대!N91 | V23: =고객IDC!N91
F24: 전자결재 마이그레이션 | J24: =SUM(클라우드!N68:N69) | N24: =SUM(더존IDC!N98:N99) | R24: =SUM(더존IDC임대!N97:N98) | V24: =SUM(고객IDC!N97:N98)
F25: 게시판 마이그레이션 | J25: =SUM(클라우드!N70:N71) | N25: =SUM(더존IDC!N100:N101) | R25: =SUM(더존IDC임대!N99:N100) | V25: =SUM(고객IDC!N99:N100)
F26: 구축 교육비 | J26: =클라우드!N109 | N26: =더존IDC!N148 | R26: =더존IDC임대!N147 | V26: =고객IDC!N147
F27: 필수 S/W 라이선스 | J27: 0 | N27: 0 | R27: 0 | V27: 0
F28: 서버 H/W 매입 | J28: 0 | N28: 자체구매 | R28: =더존IDC임대!N156 | V28: 자체구매
B29: 서비스 이용료 | F29: 월납 비용(사용료 등) | J29: 0 | N29: =더존IDC!N188 | R29: =더존IDC임대!N185 | V29: 0
F30: 월납 비용(ONE AI) | J30: 250000 | N30: 250000 | R30: 250000 | V30: 250000
F31: 연납 비용(유지보수) | J31: =클라우드!N122*12+클라우드!N125 | N31: =더존IDC!N212 | R31: =더존IDC임대!N210 | V31: =고객IDC!N199
B32: 일회납 비용 | J32: =SUM(J21:M28) | N32: =SUM(N21:Q28) | R32: =SUM(R21:U28) | V32: =SUM(V21:Y28) | Z32: 라이선스 및 구축비
B33: 월납 비용 | J33: =SUM(J29:M30) | N33: =SUM(N29:Q30) | R33: =SUM(R29:U30) | V33: =SUM(V29:Y30) | Z33: SSL인증서, IDC사용, ONE AI
B34: 연납 비용 | J34: =SUM(J31:M31) | N34: =SUM(N31:Q31) | R34: =SUM(R31:U31) | V34: =SUM(V31:Y31) | Z34: 유지보수비용
B36: [ Remarks ]
B37: 1. 상기 견적가는 V.A.T. 별도입니다.
B38: 2. 본 견적사항 이외의 추가사항은 별도 협의가 필요합니다.
B39: 3. 상기 서비스는 ㈜더존비즈온 D-클라우드 센터 이용약관을 따릅니다.
B40: 4. 견적 유효기간은 견적일로 부터 14일 입니다.
B41: ※ 아마란스10 모바일은 안드로이드 버전 8.0 이상 지원합니다.
