Workbook
Name __SW1: INDIRECT(CHOOSE(#REF!,"NEOR2","NEOPLUSI","NEOPLUSII","ERPX2","ERPXP","ICUBE"))
Name _80486SX_25: [3]COST!#REF!
Name _L80486SX_25: [3]COST!#REF!
Name _SW1: INDIRECT(CHOOSE(#REF!,"NEOR2","NEOPLUSI","NEOPLUSII","ERPX2","ERPXP","ICUBE"))
Name _SX25: [3]COST!#REF!
Name \a: #N/A
Name \b: #N/A
Name \p: #N/A
Name \z: #N/A
Name a: #REF!
Name a: #REF!
Name aaaaa: #REF!
Name aaaaa: #REF!
Name C80486DX_33: [3]COST!#REF!
Name C80486DX_50: [3]COST!#REF!
Name C80486DX2_50: [3]COST!#REF!
Name C80486DX2_66: [3]COST!#REF!
Name C80486SX_25: [3]COST!#REF!
Name C80486SX_33: [3]COST!#REF!
Name Chart_1: "Chart 1"
Name DATA1: #N/A
Name DATA2: #N/A
Name ECMM: #REF!
Name ECMM: #REF!
Name EC등급: #REF!
Name EC등급: #REF!
Name ERP영업센터: [6]담당자!#REF!
Name FACTOR1: 3.64
Name FACTOR2: 0.5363
Name FACTOR3: 0.963
Name FACTOR4: 3.576
Name FACTOR5: 0.95
Name FACTOR6: 0.9
Name FACTOR7: (1-0.3*2/3)/1.215/1.1
Name L80486SX_25: [3]COST!#REF!
Name LDASKJDH: #REF!
Name LDASKJDH: #REF!
Name MKTMM: #REF!
Name MKTMM: #REF!
Name MKT등급: #REF!
Name MKT등급: #REF!
Name MONTH: #N/A
Name PRICE: [3]COST!#REF!
Name QR: #REF!
Name QR: #REF!
Name US: [3]COST!$P$2
Name 기본단가: #REF!
Name 기본단가: #REF!
Name 기준등급: #REF!
Name 기준등급: #REF!
Name ㅂㅈㄷ: #REF!
Name ㅂㅈㄷ: #REF!
Name 영업2부_EBP영업1팀: [6]담당자!#REF!
Name 영업2부_EBP영업2팀: [6]담당자!#REF!
Name 영업2부_EBP영업3팀: [6]담당자!#REF!
Name 영업2부_EBP영업4팀: [6]담당자!#REF!
Name 영업2부_위하고영업1팀: [6]담당자!#REF!
Name 영업2부_위하고영업2팀: [6]담당자!#REF!
Name 영업3부_EBP영업1팀: [6]담당자!#REF!
Name 영업3부_EBP영업2팀: [6]담당자!#REF!

Sheet 표지
B25: =TODAY() -> 46097

Sheet Amaranth 10 Cloud 견적서
B5: 업체명 | I5: 견적일자 | J5: =TODAY() -> 46097
B6: 담당자 | G6: (귀중) | I6: 제안사 | J6: 134-81-08473 (주)더존비즈온 / 강원도 춘천시 남산면 버들1길 130 대표이사 김 용 우 (직인생략)
B7: 견적명 | D7: Amaranth 10 Cloud 견적
B8: 견적번호 | D8: =CONCATENATE("Douzone-A10C-Ver1.0-",TEXT(J5,"YYYYMMDD")) -> Douzone-A10C-Ver1.0-20260316 | I8: 영업센터 | J8: 솔루션영업본부 솔루션영업 0Unit
B9: 견적담당 | D9: 홍길동 과장 (010 - 0000 - 0000) | I9: 영업담당 | J9: 홍길동 과장 (010 - 0000 - 0000)
B11: 하기와 같이 견적합니다. (부가세 별도)
B12: 라이선스 | D12: ="금 "&NUMBERSTRING((N110),1)&TEXT((N110),"원 정 (\ #,###")& "원 : VAT 별도)" -> 금 영원 정 (₩ 원 : VAT 별도) | I12: 납품기일 | J12: 별도 협의 후 결정
B13: 교육비 | D13: ="금 "&NUMBERSTRING(($N$117),1)&TEXT(($N$117),"원 정 (\ #,###")& "원 : VAT 별도)" -> 금 영원 정 (₩ 원 : VAT 별도) | I13: 서비스장소 | J13: 더존 D-Cloud 센터
B14: 연사용료 (연납) | D14: ="금 "&NUMBERSTRING(($N$143),1)&TEXT(($N$143),"원 정 (\ #,###")& "원 : VAT 별도)" -> 금 영원 정 (₩ 원 : VAT 별도) | I14: 지불조건 | J14: 하기 비고사항 참조
B15: 월사용료 (월납) | D15: ="금 "&NUMBERSTRING(($N$140),1)&TEXT(($N$140),"원 정 (\ #,###")& "원 : VAT 별도)" -> 금 영원 정 (₩ 원 : VAT 별도) | I15: 유효기간 | J15: 견적일로부터 30일
B16: ONE AI 사용료 (연납) | D16: ="금 "&NUMBERSTRING(($N$147),1)&TEXT(($N$147),"원 정 (\ #,###")& "원 : VAT 별도)" -> 금 영원 정 (₩ 원 : VAT 별도)
B17: 외부 옵션 | D17: ="금 "&NUMBERSTRING(($N$155),1)&TEXT(($N$155),"원 정 (\ #,###")& "원 : VAT 별도)" -> 금 영원 정 (₩ 원 : VAT 별도)
B18: 1) 연사용료 (연납) : SSL인증서 및 연말 정산 유저 사용료
B19: [ 1. 라이선스 / 모듈 ] | O19: [ 단위 : 원, 부가세 별도 ]
B20: 구분 | C20: 항목 | F20: 사양 | I20: 단가 | J20: 수량 | K20: 단위 | L20: 표준금액 | M20: D/C | N20: 금액 | O20: 비 고 | S20: 할인 불가 여부 | T20: 발주 시 참고 사항
B21: EBP | C21: Enterprise Business Platform (EBP) | E21: 기본엔진 | F21: ERP 모듈 도입시 전자결재, 일정, 원피스, 원챔버 파일저장 기능 제공 법인 1개 기본 제공 (UC 회사 추가도 하나의 법인에 해당) | I21: 조건부무상 | J21: 0 | K21: 식 | L21: 조건부무상 | N21: 조건부무상 | T21: - 무상 제공이여도 발주 필수
E22: 법인추가 | F22: 1개 법인 추가당 | I22: 1000000 | J22: 0 | K22: 식 | L22: =IF(J22="","",I22*J22) -> 0 | N22: =IF(J22="","",TRUNC((L22*(1-M22)),-1)) -> 0
E23: 양식제작 | F23: HTML 양식제작 | I23: 100000 | J23: 0 | K23: 식 | L23: =IF(J23="","",I23*J23) -> 0 | N23: =IF(J23="","",TRUNC((L23*(1-M23)),-1)) -> 0
B24: 언어 | C24: 다국어팩 | F24: 영어, 중국어, 일본어 제공 | I24: 5000000 | J24: 0 | K24: 식 | L24: =IF(J24="","",I24*J24) -> 0 | N24: =IF(J24="","",TRUNC((L24*(1-M24)),-1)) -> 0 | O24: - 한국어 외 영어, 중국어, 일본어를 팩 형태로 제공
B25: 회계 모듈 | C25: 기본 | E25: 회계관리 | F25: 지출결의/경비관리, 자동전표처리(스크랩핑 관리), 전표/장부관리, 자금관리, 결산/재무제표관리,사용자정의재무제표관리,부가가치세관리,고정자산관리,법인세관리,업무용승용차관리 [임직원 업무관리] 경비청구, 업무용승용차관리, 지출결의/경비관리/계산서 | I25: 10000000 | J25: 0 | K25: 식 | L25: =IF(J25="","",I25*J25) -> 0 | N25: =IF(J25="","",TRUNC((L25*(1-M25)),-1)) -> 0 | T25: - 스마트증빙 (법인형) 고객 발주 시 무상 제공이여도 NSM10 등록 필수
C26: 옵션 | E26: 모바일자금관리 | F26: 가용자금 흐름, 자금손익, 자금관리 서비스 | I26: 2000000 | J26: 0 | K26: 식 | L26: =IF(J26="","",I26*J26) -> 0 | N26: =IF(J26="","",TRUNC((L26*(1-M26)),-1)) -> 0 | O26: =IF(AND(J26>0,J55=0),"UC 확장팩 및 모바일 APP서비스 선택 시 견적 가능","")
E27: 그룹 재무 제표 | F27: 그룹 재무제표 (기초정보 / 그룹재무제표) | I27: 2000000 | J27: 0 | K27: 식 | L27: =IF(J27="","",I27*J27) -> 0 | N27: =IF(J27="","",TRUNC((L27*(1-M27)),-1)) -> 0 | O27: - 멀티법인 재무제표 통합 조회
E28: 금융 서비스 연동 | F28: 금융서비스 연동 (기초정보 / 전표,이체처리) | I28: 3000000 | J28: 0 | K28: 식 | L28: =IF(J28="","",I28*J28) -> 0 | N28: =IF(J28="","",TRUNC((L28*(1-M28)),-1)) -> 0 | O28: - 우리, 신한, 농협, 하나, 기업, 국민, 부산, 경남
E29: 자동 전표 처리 | F29: 외부시스템 연동 ( API 및 EXCEL 연동 ) | I29: 4000000 | J29: 0 | K29: 식 | L29: =IF(J29="","",I29*J29) -> 0 | N29: =IF(J29="","",TRUNC((L29*(1-M29)),-1)) -> 0
E30: 스마트증빙 | F30: 기초정보・자료수집, 통장, 전자세금계산서, 카드, 현금영수증 | I30: 조건부무상 | J30: 0 | K30: 식 | L30: 조건부무상 | N30: 조건부무상
B31: 인사 모듈 | C31: 기본 | E31: 인사 관리 | F31: 인사관리, 근태관리, 급여관리, 사회보험관리, 그밖의소득관리, 세무관리, 법정의무교육(별도가입) [임직원 업무관리] 근태신청, 연차촉진계획, 인사정보, 인사발령, 교육관리, 증명서 신청 및 발급 | I31: 7500000 | J31: 0 | K31: 식 | L31: =IF(J31="","",I31*J31) -> 0 | N31: =IF(J31="","",TRUNC((L31*(1-M31)),-1)) -> 0 | O31: - 법정의무교육은 고객사별 서비스 가입 절차 필요
C32: 옵션 | E32: 근태 리더기 연동 | F32: 에스원, 쉴더스, KT텔레캅 | I32: 3000000 | J32: 0 | K32: 식 | L32: =IF(J32="","",I32*J32) -> 0 | N32: =IF(J32="","",TRUNC((L32*(1-M32)),-1)) -> 0
E33: 인사근태 확장형 | F33: 교대근무 시간등록, 월별근무 계획등록, 유연근무시간등록 | I33: 5000000 | J33: 0 | K33: 식 | L33: =IF(J33="","",I33*J33) -> 0 | N33: =IF(J33="","",TRUNC((L33*(1-M33)),-1)) -> 0
E34: 일/주단위 근무시간 정산 | F34: 일단위 소정근로시간 / 주단위 실근로시간 40시간 미만 근로자 근무시간 정산 | I34: 2000000 | J34: 0 | K34: 식 | L34: =IF(J34="","",I34*J34) -> 0 | N34: =IF(J34="","",TRUNC((L34*(1-M34)),-1)) -> 0
E35: 대외활동 관리 | F35: 비영리기관의 외부 강의 등 대외활동 신고관리 | I35: 4000000 | J35: 0 | K35: 식 | L35: =IF(J35="","",I35*J35) -> 0 | N35: =IF(J35="","",TRUNC((L35*(1-M35)),-1)) -> 0
E36: 모바일 ForMe | F36: 모바일 출퇴근, 근무시간관리, 근태관리, 휴가관리, 급여명세서, 증명서관리 ※ 모바일 ForMe에서 제공되는 근태 신청서 : 외근, 출장, 연장근무, 연차휴가, 기타휴가 | I36: 1000000 | J36: 0 | K36: 식 | L36: =IF(J36="","",I36*J36) -> 0 | N36: =IF(J36="","",TRUNC((L36*(1-M36)),-1)) -> 0 | O36: =IF(AND(J36>0,J55=0),"인사 관리, UC 확장팩 및 모바일 APP서비스 선택 시 견적 가능","")
B37: 예산 모듈 | C37: 기본 | E37: 예산 관리 | F37: 예산편성, 예산집행, 예산장부 [임직원 업무관리 활성화] 예산집행관리 | I37: 5500000 | J37: 0 | K37: 식 | L37: =IF(J37="","",I37*J37) -> 0 | N37: =IF(J37="","",TRUNC((L37*(1-M37)),-1)) -> 0 | O37: =IF(AND(J37>0,J25=0),"회계관리 선택 시 견적 가능","")
C38: 옵션 | E38: 출장복명 | F38: 여비지급명세서작성, 여비지급현황 | I38: 1000000 | J38: 0 | K38: 식 | L38: =IF(J38="","",I38*J38) -> 0 | N38: =IF(J38="","",TRUNC((L38*(1-M38)),-1)) -> 0
E39: 교비회계 재무제표관리 | F39: 자금예산서(교비), 추가경정자금예산서(교비) 등 | I39: 1000000 | J39: 0 | K39: 식 | L39: =IF(J39="","",I39*J39) -> 0 | N39: =IF(J39="","",TRUNC((L39*(1-M39)),-1)) -> 0
E40: 산학협력단 재무제표관리 | F40: 산학협력단회계처리규칙을 적용 받는 재무제표 및 부속명세서 예/결산서 8종, 재무제표 부속명세서 22본 제공 | I40: 1000000 | J40: 0 | K40: 식 | L40: =IF(J40="","",I40*J40) -> 0 | N40: =IF(J40="","",TRUNC((L40*(1-M40)),-1)) -> 0
E41: 공익법인예산장부 | F41: 전용계좌개설신고서, 전용계좌외거래명세서 등 | I41: 2000000 | J41: 0 | K41: 식 | L41: =IF(J41="","",I41*J41) -> 0 | N41: =IF(J41="","",TRUNC((L41*(1-M41)),-1)) -> 0
E42: 중소기업 구매목표관리 | F42: 구매목표비율조정, 구매목표비율현황, 기업성격관리 | I42: 2000000 | J42: 0 | K42: 식 | L42: =IF(J42="","",I42*J42) -> 0 | N42: =IF(J42="","",TRUNC((L42*(1-M42)),-1)) -> 0
E43: 예산회계 자율통제관리 | F43: 자율통제시나리오설정, 카드승인모니터링검증 등 | I43: 2000000 | J43: 0 | K43: 식 | L43: =IF(J43="","",I43*J43) -> 0 | N43: =IF(J43="","",TRUNC((L43*(1-M43)),-1)) -> 0
E44: 지방출자출연기관 예산장부 | F44: 수입지출예산명세서 / 예산총괄표 | I44: 2000000 | J44: 0 | K44: 식 | L44: =IF(J44="","",I44*J44) -> 0 | N44: =IF(J44="","",TRUNC((L44*(1-M44)),-1)) -> 0
B45: 자산 모듈 | C45: 기본 | E45: 자산 관리 | F45: 플랜갤러리, 구매관리, 검수관리, 대금지급관리, 자산등록관리, 자산실사관리, 자산기초환경설정, 개인자산실사 | I45: 4000000 | J45: 0 | K45: 식 | L45: =IF(J45="","",I45*J45) -> 0 | N45: =IF(J45="","",TRUNC((L45*(1-M45)),-1)) -> 0 | O45: =IF(AND(J45>0,OR(J25=0,J37=0)),"회계관리, 예산관리 선택 시 견적 가능","")
B46: 영업 모듈 | C46: 기본 | E46: 영업관리 | F46: 판매계획관리, 수금관리, 견적관리, 주문관리, 출고관리, 매출마감관리, 여신/채권관리, 출고의뢰/검사관리, 수출선적관리, 자동환율관리 [엑셀임포트] 판매계획, 견적, 주문, 출고, 수금, 여신한도, 채권기초/조정 | I46: 11000000 | J46: 0 | K46: 식 | L46: =IF(J46="","",I46*J46) -> 0 | N46: =IF(J46="","",TRUNC((L46*(1-M46)),-1)) -> 0 | O46: - 사업장별 교육시 비용 별도
C47: 옵션 | E47: 온라인쇼핑몰관리 | F47: 온라인연동관리, 쇼핑몰엑셀관리, 온라인쇼핑몰현황 API연동(샤방넷) 및 엑셀(주문,마감) 업로드 기능 지원 | I47: 5000000 | J47: 0 | K47: 식 | L47: =IF(J47="","",I47*J47) -> 0 | N47: =IF(J47="","",TRUNC((L47*(1-M47)),-1)) -> 0 | T47: - 온라인쇼핑몰관리 교육비 발주 필수
B48: 구매자재 모듈 | C48: 기본 | E48: 구매자재관리 | F48: 입고, 청구/품의, 채무, 발주, 매입마감/미착정산배부, 지급관리, 입고의뢰/검사관리, 수입선적관리, 수입제비용관리, 자동환율관리 [엑셀임포트] 청구요청등록, 발주, 입고, 지급, 채무기초, 생산입/출고, 외주입/출고 | I48: 11000000 | J48: 0 | K48: 식 | L48: =IF(J48="","",I48*J48) -> 0 | N48: =IF(J48="","",TRUNC((L48*(1-M48)),-1)) -> 0 | O48: - 사업장별 교육시 비용 별도
B49: 생산 모듈 | C49: 기본 | E49: 생산관리 | F49: 생산기초정보, 생산계획/생산지시/생산실적관리, BOM관리, MPS/MRP, 공정수불관리, 자재청구관리, 엑셀임포트(생산) [엑셀임포트] BOM등록, 생산계획/지시/입고/출고등록 | I49: 8000000 | J49: 0 | K49: 식 | L49: =IF(J49="","",I49*J49) -> 0 | N49: =IF(J49="","",TRUNC((L49*(1-M49)),-1)) -> 0 | O49: - 사업장별 교육시 비용 별도
C50: 옵션 | E50: 외주관리 | F50: 외주기초정보, 외주발주관리, 외주마감관리, 공정외주관리, 품목외주관리 [엑셀임포트] 외주단가등록, 외주입고등록, 외주출고등록 | I50: 4000000 | J50: 0 | K50: 식 | L50: =IF(J50="","",I50*J50) -> 0 | N50: =IF(J50="","",TRUNC((L50*(1-M50)),-1)) -> 0 | O50: - 생산관리 선 도입 필요 - 사업장별 교육비 별도
E51: 원가관리 | F51: 원가기초정보관리, 원가배부기준관리, 제조원가계산, 제조원가현황, 관리항목별단계배부 | I51: 4000000 | J51: 0 | K51: 식 | L51: =IF(J51="","",I51*J51) -> 0 | N51: =IF(J51="","",TRUNC((L51*(1-M51)),-1)) -> 0 | O51: - 생산관리 선 도입 필요 - 사업장별 교육비 별도
B52: 모바일 물류 | C52: 옵션 | E52: 모바일 물류관리 유통 및 제조 | F52: 터치인터페이스, 시리얼 발행 및 추적 기능 지원, 출고/입고/재고/바코드/생산/검사 관리 별도 장비 권장 스펙 : PDA(PM90 LTE), 스캐너(PM3 1D/2D Scanner), 태블릿(Galaxy Tab 셀룰러 : A7 Lite SM-T225 휴대용, A8 SM-X205 거치용), 라벨프린터(Zebra ZT411) | I52: 10000000 | J52: 0 | K52: 식 | L52: =IF(J52="","",I52*J52) -> 0 | N52: =IF(J52="","",TRUNC((L52*(1-M52)),-1)) -> 0 | O52: - 영업, 구매자재, 생산모듈 중 1개 모듈 필수 - 구축/교육비 별도, 장비 별도 - 전문가 유저만 사용 가능 | T52: - 모바일 물류관리 유통 및 제조 교육비 발주 필수 - 해당 품목 단독 발주 불가
B53: UC 모듈 | C53: 옵션 | E53: 리걸테크 에디션 (법무법인용) | F53: 리걸테크 전용 대시보드, 고객관리, 상담관리, 법무관리, 계약/ 매출관리, 기초정보설정 + EBP 기본엔진(일정, 원피스, 원챔버, 전자결재, 법인 1개 기본제공) 기능 제공 ※ 법무법인 전용 | I53: 10000000 | J53: 0 | K53: 식 | L53: =IF(J53="","",I53*J53) -> 0 | N53: =IF(J53="","",TRUNC((L53*(1-M53)),-3)) -> 0 | O53: - 별도의 ERP 모듈 도입 없이 리걸테크만 단독 사용 가능 - 회계관리 도입시 회계처리 가능 - ONE AI 요금제 필수 구매 - 구축 교육비 별도 * 단독 4회 / 모듈 2회 기준
E54: 리걸테크 에디션 (기업법무팀용) | F54: 리걸테크 전용 대시보드, 대시보드, 법무검토요청관리, 법무검토관리, 위임관리, 법무관리, 인장사용관리, 기초정보설정 + EBP 기본엔진 (일정, 원피스, 원챔버, 전자결재, 법인 1개 기본제공) 기능 제공 ※ 기업법무팀 전용 | I54: 10000000 | J54: 0 | K54: 식 | L54: =IF(J54="","",I54*J54) -> 0 | N54: =IF(J54="","",TRUNC((L54*(1-M54)),-3)) -> 0
E55: UC 확장팩 | F55: 메일,게시판, 업무관리, 메신저, 모바일그룹웨어 Amaranth 10 APP, ONEFFICE APP, 멀린APP | I55: 8000000 | J55: 0 | K55: 식 | L55: =IF(J55="","",I55*J55) -> 0 | N55: =IF(J55="","",TRUNC((L55*(1-M55)),-3)) -> 0
E56: UC 단독팩 | F56: UC만 단독 사용시(EBP기본엔진 및 UC확장팩 기능 제공) | I56: 18000000 | J56: 0 | K56: 식 | L56: =IF(J56="","",I56*J56) -> 0 | N56: =IF(J56="","",TRUNC((L56*(1-M56)),-3)) -> 0
E57: CRM | F57: 고객관리, 영업활동관리, 영업관리, 목표관리, 현황관리. CRM기초정보설정 | I57: 10000000 | J57: 0 | K57: 식 | L57: =IF(J57="","",I57*J57) -> 0 | N57: =IF(J57="","",TRUNC((L57*(1-M57)),-3)) -> 0 | O57: - 회계관리 도입시 회계처리 가능 - CRM 유저 사용료 구매 필요
E58: 문서유통 | F58: 문서유통 연계 기술지원료 | I58: 5000000 | J58: 0 | K58: 식 | L58: =IF(J58="","",I58*J58) -> 0 | N58: =IF(J58="","",TRUNC((L58*(1-M58)),-3)) -> 0
E59: 원문공개 | F59: open.go.kr 원문공개 (비영리형) | I59: 10000000 | J59: 0 | K59: 식 | L59: =IF(J59="","",I59*J59) -> 0 | N59: =IF(J59="","",TRUNC((L59*(1-M59)),-3)) -> 0
E60: 대표메일 | F60: 대표메일 ID 10유저 이하 | I60: 무상 | J60: 0 | K60: 유저 | L60: 무상 | N60: 무상 | O60: - UC확장팩 선도입 필요 - 개별의 메일 유저를 조직 단위 또는 회사 단위로 메일 수신되는 기능 | T60: - 유저당 (11유저부터 과금) - 발주 시 10유저까지는 0원 발주
F61: 대표메일 ID 20유저 이하 | I61: 40000 | J61: 0 | K61: 유저 | L61: =IF(J61="","",I61*J61) -> 0 | N61: =IF(J61="","",TRUNC((L61*(1-M61)),-3)) -> 0
F62: 대표메일 ID 20유저 초과 | I62: 별도협의 | J62: 0 | K62: 유저 | L62: =IF(J62=0,"-",I62*J62) -> - | N62: =IF(J62=0,"-",TRUNC((L62*(1-M62)),-3)) -> -
B63: 모 듈 라 이 선 스 소 계 | L63: =SUM(L21:L62) -> 0 | M63: =IFERROR(1-(N63/L63),0) -> 0 | N63: =SUM(N21:N62) -> 0
B65: [ 2. 라이선스 / API 연동 ] | O65: [ 단위 : 원, 부가세 별도 ]
B66: 구분 | C66: 항목 | F66: 사양 | I66: 단가 | J66: 수량 | K66: 단위 | L66: 표준금액 | M66: D/C | N66: 금액 | O66: 비 고 | S66: 할인 불가 여부 | T66: 발주 시 참고 사항
B67: 공통 | C67: 마이그레이션 | I67: 별도협의 | J67: 0 | K67: 식 | L67: =IF(J67=0,"-",I67*J67) -> - | N67: =IF(J67=0,"-",TRUNC((L67*(1-M67)),-3)) -> -
C68: SmartA 및 iCUBE 마이그레이션 | F68: 기수 연동 | I68: 별도협의 | J68: 0 | K68: 식 | L68: =IF(J68=0,"-",I68*J68) -> - | N68: =IF(J68=0,"-",TRUNC((L68*(1-M68)),-3)) -> -
C69: 다우오피스 마이그레이션 툴 | E69: 전자결재 라이선스 | F69: 다우오피스 전자결재 마이그레이션 툴 사용을 위한 라이선스 | I69: 5000000 | J69: 0 | K69: 식 | L69: =IF(J69="","",I69*J69) -> 0 | N69: =IF(J69="","",TRUNC((L69*(1-M69)),-3)) -> 0 | O69: =IF(AND(J69>0,J70=0),"연동비도 함께 견적 필요","")
E70: 전자결재 1만건당 연동비 | F70: 1만건당 연동비 | I70: 2000000 | J70: 0 | K70: 식 | L70: =IF(J70="","",I70*J70) -> 0 | N70: =IF(J70="","",TRUNC((L70*(1-M70)),-3)) -> 0 | O70: =IF(AND(J70>0,J69=0),"라이선스도 함께 견적 필요","")
E71: 게시판 라이선스 | F71: 다우오피스 게시판 마이그레이션 툴 사용을 위한 라이선스 | I71: 3000000 | J71: 0 | K71: 식 | L71: =IF(J71="","",I71*J71) -> 0 | N71: =IF(J71="","",TRUNC((L71*(1-M71)),-3)) -> 0 | O71: =IF(AND(J71>0,J72=0),"연동비도 함께 견적 필요","")
E72: 게시판 1천건당 연동비 | F72: 1천건당 연동비 | I72: 1000000 | J72: 0 | K72: 식 | L72: =IF(J72="","",I72*J72) -> 0 | N72: =IF(J72="","",TRUNC((L72*(1-M72)),-3)) -> 0 | O72: =IF(AND(J72>0,J71=0),"라이선스도 함께 견적 필요","")
C73: FLEX 마이그레이션 툴 | E73: 전자결재 라이선스 | F73: FLEX 전자결재 마이그레이션 툴 사용을 위한 라이선스 ※ FLEX SaaS형에 한함. 구축형은 별도 문의 | I73: 5000000 | J73: 0 | K73: 식 | L73: =IF(J73="","",I73*J73) -> 0 | N73: =IF(J73="","",TRUNC((L73*(1-M73)),-3)) -> 0 | O73: =IF(AND(J73>0,J74=0),"연동비도 함께 견적 필요","")
E74: 전자결재 1만건당 연동비 | F74: 1만건당 연동비 | I74: 2000000 | J74: 0 | K74: 식 | L74: =IF(J74="","",I74*J74) -> 0 | N74: =IF(J74="","",TRUNC((L74*(1-M74)),-3)) -> 0 | O74: =IF(AND(J74>0,J73=0),"연동비도 함께 견적 필요","")
C75: 핸디 마이그레이션 툴 | E75: 전자결재 라이선스 | F75: 핸디 전자결재 마이그레이션 툴 사용을 위한 라이선스 ※ 2025년 7월 기준 구축형, 8.* 버전 / 비영리 전자결재만 지원 하며, 버전이 다른 경우 수집 가능 여부 확인 필요 | I75: 5000000 | J75: 0 | K75: 식 | L75: =IF(J75="","",I75*J75) -> 0 | N75: =IF(J75="","",TRUNC((L75*(1-M75)),-3)) -> 0 | O75: =IF(AND(J75>0,J76=0),"연동비도 함께 견적 필요","")
E76: 전자결재 1만건당 연동비 | F76: 1만건당 연동비 | I76: 2000000 | J76: 0 | K76: 식 | L76: =IF(J76="","",I76*J76) -> 0 | N76: =IF(J76="","",TRUNC((L76*(1-M76)),-3)) -> 0 | O76: =IF(AND(J76>0,J75=0),"라이선스도 함께 견적 필요","")
C77: 하이웍스 마이그레이션 툴 | E77: 전자결재 라이선스 | F77: 하이웍스 전자결재 마이그레이션 툴 사용을 위한 라이선스 ※ 하이웍스 SaaS형에 한함. 구축형은 별도 문의 | I77: 5000000 | J77: 0 | K77: 식 | L77: =IF(J77="","",I77*J77) -> 0 | N77: =IF(J77="","",TRUNC((L77*(1-M77)),-3)) -> 0 | O77: =IF(AND(J77>0,J78=0),"연동비도 함께 견적 필요","")
E78: 전자결재 1만건당 연동비 | F78: 1만건당 연동비 | I78: 2000000 | J78: 0 | K78: 식 | L78: =IF(J78="","",I78*J78) -> 0 | N78: =IF(J78="","",TRUNC((L78*(1-M78)),-3)) -> 0 | O78: =IF(AND(J78>0,J77=0),"라이선스도 함께 견적 필요","")
C79: 나온 마이그레이션 툴 | E79: 전자결재 라이선스 | F79: 나온 전자결재 마이그레이션 툴 사용을 위한 라이선스 ※ 나온 SaaS형에 한함. 구축형은 별도 문의 | I79: 5000000 | J79: 0 | K79: 식 | L79: =IF(J79="","",I79*J79) -> 0 | N79: =IF(J79="","",TRUNC((L79*(1-M79)),-3)) -> 0 | O79: =IF(AND(J79>0,J80=0),"연동비도 함께 견적 필요","")
E80: 전자결재 1만건당 연동비 | F80: 1만건당 연동비 | I80: 2000000 | J80: 0 | K80: 식 | L80: =IF(J80="","",I80*J80) -> 0 | N80: =IF(J80="","",TRUNC((L80*(1-M80)),-3)) -> 0 | O80: =IF(AND(J80>0,J79=0),"라이선스도 함께 견적 필요","")
C81: 타사 마이그레이션 이관 툴 라이선스 | F81: 타사 - 다우오피스/FLEX/핸디/하이웍스/나온 외 데이터 이관에 대한 연동비 (데이터 수집은 지원하지 않음) | I81: 3000000 | J81: 0 | K81: 식 | L81: =IF(J81="","",I81*J81) -> 0 | N81: =IF(J81="","",TRUNC((L81*(1-M81)),-3)) -> 0 | O81: =IF(J81>0,"- 타사 데이터 추출 견적 필요","")
C82: WEHAGO 마이그레이션 이관 툴 라이선스 | F82: 수집 된 WEHAGO 데이터 이관에 대한 연동비 ※ 데이터 수집은 플랫폼사업부문 문의 | I82: 3000000 | J82: 0 | K82: 식 | L82: =IF(J82="","",I82*J82) -> 0 | N82: =IF(J82="","",TRUNC((L82*(1-M82)),-3)) -> 0 | O82: =IF(J82>0,"- WEHAGO 데이터 추출 별도 견적 필요","")
A83: UC | C83: UC API | E83: 기술 지원 | F83: UC API (조직도 연동, 전자결재, 원챔버, 일정 등록 등) 오픈 및 비대면 기술 지원(토픽 10건 제공), 더존 커스텀 테스트 서버 제공 (최대 5User / 유지보수 미체결 시 미제공) | I83: 5000000 | J83: 0 | K83: 식 | L83: =IF(J83="","",I83*J83) -> 0 | N83: =IF(J83="","",TRUNC((L83*(1-M83)),-3)) -> 0
E84: 기술 지원(추가) | F84: UC API 기술지원에서 기본 제공된 기술지원 토픽 건수 10건을 소진 하여 추가 기술지원이 필요한 경우(1건당 금액) | I84: 300000 | J84: 0 | K84: 식 | L84: =IF(J84="","",I84*J84) -> 0 | N84: =IF(J84="","",TRUNC((L84*(1-M84)),-3)) -> 0
B85: 시스템 | C85: 시스템공통 API | F85: 회사 / 사업장 / 부서/ 사원 / 거래처 / 프로젝트 | I85: 3000000 | J85: 0 | K85: 식 | L85: =IF(J85="","",I85*J85) -> 0 | N85: =IF(J85="","",TRUNC((L85*(1-M85)),-3)) -> 0
B86: 회계 | C86: 회계공통 API(조회) | F86: 회사 / 계정과목 / 사업장 / 부서 / 사원 / 프로젝트 / 거래처 /관리항목 조회 | I86: 조건부무상 | J86: 0 | K86: 식 | L86: 조건부무상 | N86: 조건부무상
C87: 외부연동용 자동전표처리 API(조회, 등록, 삭제) | F87: 자동전표처리데이터 / 매입매출자동전표데이터 | I87: 조건부무상 | J87: 0 | K87: 식 | L87: 조건부무상 | N87: 조건부무상 | O87: - 자동전표처리 옵션 모듈 구매시 무상제공(0원 수주 등록 필수) - API만 필요한 경우에도 자동전표 처리 옵션 모듈 선도입 필요
C88: 증빙데이터조회 API(조회) | F88: 국세청세금계산서스크래핑 결과조회 / 카드사스크래핑 및 CMS카드 승인조회 / 은행스크래핑 및 CMS계좌거래내역 조회 | I88: 3000000 | J88: 0 | K88: 식 | L88: =IF(J88="","",I88*J88) -> 0 | N88: =IF(J88="","",TRUNC((L88*(1-M88)),-3)) -> 0
C89: 회계원장조회 API(조회) | F89: 전표출력조회, 계정별원장조회(전체/프로젝트별), 거래처원장조회(잔액/원장) | I89: 3000000 | J89: 0 | K89: 식 | L89: =IF(J89="","",I89*J89) -> 0 | N89: =IF(J89="","",TRUNC((L89*(1-M89)),-3)) -> 0
B90: 인사 | C90: 인사공통 API | F90: 회사 / 사업장 / 부서 / 프로젝트 / 사원 / 관리항목 조회 | I90: 조건부무상 | J90: 0 | K90: 식 | L90: 조건부무상 | N90: 조건부무상
C91: 인사정보등록 API | F91: 입사처리 / 퇴사처리 / 사원 이미지 조회 / 사원상세정보 / 사원상세정보 수정 / 책정임금조회 | I91: 5000000 | J91: 0 | K91: 식 | L91: =IF(J91="","",I91*J91) -> 0 | N91: =IF(J91="","",TRUNC((L91*(1-M91)),-3)) -> 0
C92: 인사기록카드 API | F92: 사원상세정보 /사원이미지 / 인사기록카드 [추가정보] 탭 조회, 입력, 수정, 삭제 / 인사기록카드 [조회사항] 탭 조회 | I92: 5000000 | J92: 0 | K92: 식 | L92: =IF(J92="","",I92*J92) -> 0 | N92: =IF(J92="","",TRUNC((L92*(1-M92)),-3)) -> 0
C93: 증명서 API | F93: 증명서 신청 | I93: 3000000 | J93: 0 | K93: 식 | L93: =IF(J93="","",I93*J93) -> 0 | N93: =IF(J93="","",TRUNC((L93*(1-M93)),-3)) -> 0
C94: 상용직 급여 API | F94: 급여지급일자 / 급여대상자 / 급여 조회 / 급여엑셀업로드 등록 / 삭제 / 조회 | I94: 5000000 | J94: 0 | K94: 식 | L94: =IF(J94="","",I94*J94) -> 0 | N94: =IF(J94="","",TRUNC((L94*(1-M94)),-3)) -> 0
C95: 급여 및 그밖의 소득 전표 API | F95: 상용직 및 일용직 급여 / 퇴직급 / 그밖의 소득 분개 조회 | I95: 3000000 | J95: 0 | K95: 식 | L95: =IF(J95="","",I95*J95) -> 0 | N95: =IF(J95="","",TRUNC((L95*(1-M95)),-3)) -> 0
C96: 일용직 급여 API | F96: 일용직 사원등록 / 변경 / 삭제, 일용직 지급일자 / 급여 조회 / 등록 / 삭제 | I96: 5000000 | J96: 0 | K96: 식 | L96: =IF(J96="","",I96*J96) -> 0 | N96: =IF(J96="","",TRUNC((L96*(1-M96)),-3)) -> 0
C97: 그밖의 소득 API | F97: 소득자 등록 / 조회 / 변경 / 삭제, 소득자료 단건입력 / 삭제 | I97: 5000000 | J97: 0 | K97: 식 | L97: =IF(J97="","",I97*J97) -> 0 | N97: =IF(J97="","",TRUNC((L97*(1-M97)),-3)) -> 0
C98: 근태정보 API | F98: 근태환경 / 근무시간 / 출결마감기준 / 신청및승인자 관리대상/ 근태 신청서 조회, 등록, 삭제 / 개인별일자별 유연근무시간 등록, 삭제 등 | I98: 5000000 | J98: 0 | K98: 식 | L98: =IF(J98="","",I98*J98) -> 0 | N98: =IF(J98="","",TRUNC((L98*(1-M98)),-3)) -> 0
C99: 근태결과집계 API | F99: 급여대상자 사용자 정의 그태집계 조회, 정산연차 조회 등 | I99: 3000000 | J99: 0 | K99: 식 | L99: =IF(J99="","",I99*J99) -> 0 | N99: =IF(J99="","",TRUNC((L99*(1-M99)),-3)) -> 0
C100: 연차/보상/대체휴가 API | F100: 연차 / 보상 / 대체휴가 조회 / 부여 / 회수 | I100: 3000000 | J100: 0 | K100: 식 | L100: =IF(J100="","",I100*J100) -> 0 | N100: =IF(J100="","",TRUNC((L100*(1-M100)),-3)) -> 0
B101: 예산 | C101: 예산공통 API(조회) | F101: 회사 / 사업장 / 부서 / 사원 / 프로젝트 / 거래처 / 기수 조회 | I101: 조건부무상 | J101: =J104 -> 0 | K101: 식 | L101: 조건부무상 | N101: 조건부무상
C102: 결의서연동(예산) API(조회, 등록, 삭제) | F102: 결의서 입력 / 수정 / 삭제 예산잔액정보조회, 전자세금계산서조회, 카드승인내역조회 | I102: 6000000 | J102: 0 | K102: 식 | L102: =IF(J102="","",I102*J102) -> 0 | N102: =IF(J102="","",TRUNC((L102*(1-M102)),-3)) -> 0
C103: 예실대비현황 API(조회) | F103: 예실대비현황조회 | I103: 2000000 | J103: 0 | K103: 식 | L103: =IF(J103="","",I103*J103) -> 0 | N103: =IF(J103="","",TRUNC((L103*(1-M103)),-3)) -> 0
B104: 자산 | C104: 자산 API | F104: 자산등록 / 자산실사 / 자산 유형, 목적, 용도, 위치 | I104: 4000000 | J104: 0 | K104: 식 | L104: =IF(J104="","",I104*J104) -> 0 | N104: =IF(J104="","",TRUNC((L104*(1-M104)),-3)) -> 0 | O104: - 예산공통 API(조회) 무상 제공
B105: 물류 | C105: 물류공통 API(조회, 등록, 삭제) | F105: 회사 / 사업장 /부서 /사원 /프로젝트 / 거래처 / 품목 / 공정 / BOM / SET구성 /품목단가 / 물류시스템환경설정 / 검사유형 / 불량유형 / 품목별검사 | I105: 조건부무상 | J105: 0 | K105: 식 | L105: 조건부무상 | N105: 조건부무상
C106: 영업관리 API(조회, 등록, 삭제) | F106: 주문정보 / 출고정보 / 출고검사 /수출선적 / 수금 / 선수금/ 매출마감 등 | I106: 5000000 | J106: 0 | K106: 식 | L106: =IF(J106="","",I106*J106) -> 0 | N106: =IF(J106="","",TRUNC((L106*(1-M106)),-3)) -> 0
...

Sheet 교육비
A1: 구분 | B1: 항목 | E1: 사양 | G1: 금액 | I1: 비고
G2: FoEX 교육 | H2: 방문 교육 (설치형 / Cloud형 동일)
A3: ERP | B3: "회계, 예산, 인사" 공통 필수 교육비 | E3: 기초세팅 교육 : 2회 | G3: 1000000 | H3: 2000000
B4: 회계 | D4: 회계관리 교육비 | E4: 관리자 교육 : 2회 | G4: 1000000 | H4: 2000000
B5: 예산 | D5: 예산관리 교육비 (영리) | E5: 기초세팅 교육 : 1회 | G5: 500000 | H5: 1000000
D6: 예산관리 교육비 (비영리) | E6: 기초세팅 교육 : 1회, 관리자 교육 : 1회 / 총 2회 | G6: 1000000 | H6: 2000000
B7: 자산 | D7: 자산관리 교육비 | E7: 기초세팅 교육 : 1회 | G7: 500000 | H7: 1000000
B8: 인사 | D8: 인사관리 교육비 | E8: 관리자 교육 : 2회 | G8: 1000000 | H8: 2000000
D9: 인사근태확장형 교육비 | E9: 기초세팅 추가 교육 : 2회 | G9: 1000000 | H9: 2000000
B10: "물류" 공통 필수 교육비 | E10: 기초세팅 교육 : 2회 | G10: 1000000 | H10: 2000000 | I10: - "물류+생산" 동시 도입시 기초세팅 교육 4회에서 3회로 조정 (FoEX 교육 : 150만원 / 방문 교육 : 300만원)
B11: 물류 | D11: 영업관리 교육비 | E11: 관리자 교육 : 2회 | G11: 1000000 | H11: 2000000 | I11: - 수출 제외
D12: 구매관리 교육비 | E12: 관리자 교육 : 2회 | G12: 1000000 | H12: 2000000 | I12: - 수입 제외
D13: 수출 교육비 | E13: 관리자 교육 : 1회 | G13: 500000 | H13: 1000000
D14: 수입 교육비 | E14: 관리자 교육 : 1회 | G14: 500000 | H14: 1000000
D15: 모바일 물류관리 교육비 | E15: 기초세팅 교육 : 1회, 관리자 교육 : 1회 / 총 2회 | G15: - | H15: 2000000 | I15: - 터치인터페이스 및 바코드 장비 연동시 FoEX 교육 불가 (방문 교육만 가능)
D16: 온라인 쇼핑몰 교육비 | E16: 관리자 교육 : 1회 | G16: 500000 | H16: 1000000 | I16: - API 연동시 FoEX 교육 불가 (방문 교육만 가능)
B17: "생산" 공통 필수 교육비 | E17: 기초세팅 교육 : 2회 | G17: 1000000 | H17: 2000000 | I17: - "물류+생산" 동시 도입시 기초세팅 교육 4회에서 3회로 조정 (FoEX 교육 : 150만원 / 방문 교육 : 300만원)
B18: 생산 | D18: 생산관리 교육비 | E18: 관리자 교육 : 2회 | G18: 1000000 | H18: 2000000
D19: 외주관리 교육비 | E19: 관리자 교육 : 1회 | G19: 500000 | H19: 1000000
D20: 원가관리 교육비 | E20: 관리자 교육 : 1회 | G20: 500000 | H20: 1000000
A21: UC | B21: 리걸테크 에디션 | D21: 단독 교육비 | E21: 기초세팅교육 : 2회, 관리자 교육 : 2회 / 총 4회 ※ ERP 및 UC확장팩 모듈 구매 없는 단독 사용 기준 | G21: 2000000 | H21: 4000000
D22: 교육비 | E22: 관리자 교육 : 2회 | G22: 1000000 | H22: 2000000
B23: UC 확장팩 | D23: 영리 교육비 | E23: 기초세팅 교육 : 1회, 관리자 교육 : 1회 / 총 2회 | G23: 1000000 | H23: 2000000
D24: 비영리 교육비 | E24: 기초세팅 교육 : 2회, 관리자 교육 : 2회 / 총 4회 | G24: 2000000 | H24: 4000000
B25: UC 단독팩 교육비 | E25: 기초세팅 교육 : 2회, 관리자 교육 : 2회 / 총 4회 | G25: - | H25: 4000000
B26: CRM 교육비 | E26: 기초세팅 교육 : 1회, 관리자 교육 : 1회, 사용자 교육 1회 / 총 3회 | G26: - | H26: 3000000 | I26: - CRM FoEX 교육(유상) 1:1 교육만 가능 (교육 쿠폰 사용 불가)
A27: 추가 교육 | B27: ONE AI 교육비 (2회) | E27: ONE AI 구축교육 2회 | G27: 1000000 | H27: 2000000 | I27: - 선택 교육
B28: ONE AI 교육비 (1회) | E28: ONE AI 구축교육 1회 | G28: 500000 | H28: 1000000
B29: 추가 교육비 | E29: 추가 교육 (방문 1회 4시간 기준) | G29: 500000 | H29: 1000000
A30: SET 교육비 | B30: 회계/인사 교육비 (관리모듈 기본 SET) | E30: 기초세팅 교육 4회, 관리자 교육 2회 (회계 1회, 인사 1회) / 총 6회 | G30: 3000000 | H30: 6000000
B31: 회계/인사/UC 확장팩 교육비 (관리모듈 확장 SET) | E31: [영리형 기준]기초세팅 교육 5회, 관리자 교육 3회 (회계 1회, 인사 1회, UC확장팩 1회) / 총 8회 | G31: 4000000 | H31: 8000000
B32: 영업/구매 교육비 (물류/유통 기본 SET) | E32: 기초세팅 교육 3회, 관리자 교육 3회 (영업 1회, 구매 1회, 물류공통 1회) / 총 6회 | G32: 3000000 | H32: 6000000 | I32: - 수출/수입 포함시 관리자 교육 각 1회씩 추가 (FoEX 교육 : 50만원 / 방문 교육 : 100만원)
B33: 영업/구매/UC 확장팩 교육비 (물류/유통 확장 SET) | E33: [영리형 기준]기초세팅 교육 4회, 관리자 교육 4회 (영업 1회, 구매 1회,물류공통1회, UC 확장팩 1회) / 총 8회 | G33: 4000000 | H33: 8000000 | I33: - 수출/수입 포함시 관리자 교육 각 1회씩 추가 (FoEX 교육 : 50만원 / 방문 교육 : 100만원)
B34: 생산/외주/원가 교육비 (제조/생산 기본 SET) | E34: 기초세팅 교육 3회, 관리자 교육 3회 (생산 2회, 제조통합 1회) / 총 6회 | G34: 3000000 | H34: 6000000
B35: 생산/외주/원가/UC 확장팩 교육비 (제조/생산 확장 SET) | E35: [영리형 기준]기초세팅 교육 4회, 관리자 교육 4회 (생산 2회, 제조통합1회, UC 확장팩 1회) / 총 8회 4,000,000 | G35: 4000000 | H35: 8000000
B36: 영업/구매/생산/외주/원가 교육비 (제조/생산 기본 SET) | E36: 기초세팅 교육 6회, 관리자 교육 5회 (영업 1회, 구매 1회, 생산 2회, 제조통합 1회) / 총 11회 | G36: 5500000 | H36: 11000000 | I36: - 수출/수입 포함시 관리자 교육 각 1회씩 추가 (FoEX 교육 : 50만원 / 방문 교육 : 100만원)
B37: 영업/구매/생산/외주/원가 UC 확장팩 교육비 (제조/생산 확장 SET) | E37: [영리형 기준]기초세팅 교육 7회, 관리자 교육 6회 (영업 1회, 구매 1회, 생산 2회, 제조통합 1회, UC 확장팩 1회) / 총 13회 | G37: 6500000 | H37: 13000000 | I37: - 수출/수입 포함시 관리자 교육 각 1회씩 추가 (FoEX 교육 : 50만원 / 방문 교육 : 100만원)
B38: 회계/인사/영업/구매 교육비 (물류 전모듈 기본 SET) | E38: 기초세팅 교육 7회, 관리자 교육 5회 (회계 1회, 인사 1회, 영업 1회, 구매 1회, 물류공통 1회) / 총 12회 | G38: 6000000 | H38: 12000000 | I38: - 수출/수입 포함시 관리자 교육 각 1회씩 추가 (FoEX 교육 : 50만원 / 방문 교육 : 100만원)
B39: 회계/인사/영업/구매 UC 확장팩 교육비 (물류 전모듈 확장 SET) | E39: [영리형 기준]기초세팅 교육 8회, 관리자 교육 6회 (회계 1회, 인사 1회, 영업 1회, 구매 1회, UC 확장팩 1회, 물류공통 1회) / 총 14회 | G39: 7000000 | H39: 14000000 | I39: - 수출/수입 포함시 관리자 교육 각 1회씩 추가 (FoEX 교육 : 50만원 / 방문 교육 : 100만원)
B40: 회계/인사/영업/구매/생산/외주/ 원가 교육비 (제조 전모듈 기본 SET) | E40: 기초세팅 교육 10회, 관리자 교육 7회 (회계 1회, 인사 1회, 영업 1회, 구매 1회, 생산 2회, 제조공통 1회) / 총 17회 | G40: 8500000 | H40: 17000000 | I40: - 수출/수입 포함시 관리자 교육 각 1회씩 추가 (FoEX 교육 : 50만원 / 방문 교육 : 100만원)
B41: 회계/인사/영업/구매/생산/외주/ 원가/UC 확장팩 교육비 (제조 전모듈 확장 SET) | E41: [영리형 기준]기초세팅 교육 11회, 관리자 교육 8회 (회계 1회, 인사 1회, 영업 1회, 구매 1회, 생산 2회, 제조공통 1회, UC 확장팩 1회) / 총 19회 | G41: 9500000 | H41: 19000000 | I41: - 수출/수입 포함시 관리자 교육 각 1회씩 추가 (FoEX 교육 : 50만원 / 방문 교육 : 100만원)
A42: 컨설팅 | B42: 컨설팅 구축비 (회계/인사/UC확장팩) | E42: 업무분석 2회, 중간점검 2회, 완료점검 2회 | G42: - | H42: 6000000 | I42: - 요청 업무에 따라 교육비 횟수 변경
B43: 컨설팅 구축비 (회계/인사/영업/구매자재/UC확장팩) | E43: 업무분석 3회, 중간점검 3회, 완료점검 3회 | G43: - | H43: 9000000 | I43: - 요청 업무에 따라 교육비 횟수 변경
B44: 컨설팅 구축비 (회계/인사/영업/구매자재/생산/ 외주/원가/UC확장팩) | E44: 업무분석 4회, 중간점검 4회, 완료점검 4회 | G44: - | H44: 12000000 | I44: - 요청 업무에 따라 교육비 횟수 변경

Sheet ONE AI
A1: 항목 | C1: 사양 | F1: 단가
A2: Amaranth 10 ONE AI | B2: 25요금제(연납) | C2: 55만 Credit 제공(월) | F2: 3000000
B3: 35요금제(연납) | C3: 77만 Credit 제공(월) | F3: 4200000
B4: 50요금제(연납) | C4: 110만 Credit 제공(월) | F4: 6000000
B5: 75요금제(연납) | C5: 165만 Credit 제공(월) | F5: 9,000,00
B6: 100 요금제(연납) | C6: 220만 Credit 제공(월) | F6: 12000000
B7: 200 요금제(연납) | C7: 440만 Credit 제공(월) | F7: 24000000
B8: 300 요금제(연납) | C8: 660만 Credit 제공(월) | F8: 36000000
B10: 25요금제(월납) | C10: 55만 Credit 제공(월) | F10: 250000
B11: 35요금제(월납) | C11: 77만 Credit 제공(월) | F11: 350000
B12: 50요금제(월납) | C12: 110만 Credit 제공(월) | F12: 500000
B13: 75요금제(월납) | C13: 165만 Credit 제공(월) | F13: 750000
B14: 100 요금제(월납) | C14: 220만 Credit 제공(월) | F14: 1000000
B15: 200 요금제(월납) | C15: 440만 Credit 제공(월) | F15: 2000000
B16: 300 요금제(월납) | C16: 660만 Credit 제공(월) | F16: 3000000

Sheet 마케팅
C2: 대표메일 | D2: 대표메일 10유저 이하 | E2: 무상
D3: 대표메일 10유저-20유저 이하 | E3: 40000
D4: 대표메일 20유저 이상 | E4: 별도협의
C11: 인증서 | D11: 기본 SSL인증서 | E11: 기본 SSL 인증서 SECTIGO Basic WildCard - 한개의 도메인 사용시 적용 - 한개의 도메인을 하나의 기본 SSL인증서로 사용 가능 | F11: 500000
D12: 멀티 SSL인증서 | E12: 멀티 SSL 인증서 SECTIGO Basic WildCard + Single Card - 두개 이상의 도메인 사용시 적용 (최소 발주 수량 2EA) - 두개 이상의 도메인을 하나의 멀티 SSL인증서로 사용 가능 | F12: 700000
C16: 노무관리 | D16: 50유저 이하 | E16: 최대 50명 등록 가능 | F16: 7500
D17: 100유저 이하 | E17: 최대 100명 등록 가능 | F17: 12500
D18: 150유저 이하 | E18: 최대 150명 등록 가능 | F18: 20000
D19: 300유저 이하 | E19: 최대 300명 등록 가능 | F19: 37500
D20: 500유저 이하 | E20: 최대 500명 등록 가능 | F20: 62500
D21: 501유저 이상 | E21: 500명 이상 등록 인원 별도 협의 | F21: 별도협의
D25: 팩스/문자 60만포인트(월 5만 포인트) | E25: 30000
D26: 팩스/문자 120만포인트 | E26: 60000
D27: 팩스/문자 240만포인트 | E27: 120000
D28: 팩스/문자 360만포인트 | E28: 180000
D29: 팩스/문자 600만포인트 | E29: 300000
C35: 전문가 | D35: 1유저-10유저 | E35: 50000
D36: 11유저-50유저 | E36: 40000
D37: 50유저 초과 | E37: 별도협의
C42: 사용자 | D42: 1유저-50유저 | E42: 13000
D43: 51유저-100유저 | E43: 12000
D44: 101유저-200유저 | E44: 11000
D45: 200유저 초과 | E45: 별도협의
C48: 메일 | D48: 1유저-200유저 | E48: 2000
D49: 200유저 초과 | E49: 별도협의
E53: 회계 + UC 기본 교육비총 구축회수 4회 (방문 4회) | F53: 4000000
E54: 인사 + UC 기본 교육비총 구축회수 4회 (방문 4회) | F54: 4000000
E55: 영업 + UC 기본 교육비총 구축회수 4회 (방문 4회) | F55: 4000000
E56: 구매 + UC 기본 교육비총 구축회수 4회 (방문 4회) | F56: 4000000
E57: 생산 + UC 기본 교육비총 구축회수 4회 (방문 4회) | F57: 4000000
E58: 외주관리 교육비총 구축횟수 2회 (방문 2회) | F58: 2000000
E59: 원가관리 교육비총 구축횟수 2회 (방문 2회) | F59: 2000000
E60: 모바일 물류관리 유통 및 제조 교육비총 구축횟수 2회 (방문 2회) | F60: 2000000
E61: 온라인 쇼핑몰 구축/교육비총 구축횟수 1회 (방문 1회) | F61: 1000000
E62: UC 확장팩 교육비총 구축횟수 4회 (방문 4회) | F62: 4000000
E63: UC 단독팩 교육비총 구축횟수 6회 (방문 6회) | F63: 6000000
E64: ERP10 연동 구축비 | F64: 별도협의
D71: FoEX 교육비
D72: DX 교육비
